domain	relative_path	bytes
sessions	sessions.json	2
user_config	users/0437e987-eff6-44db-9db3-8a9633d0e68e/config.json	1728
user_config	users/149aca3e-408d-4e46-820d-1727696e4564/config.json	1728
user_config	users/1ad4475e-8aae-4ec2-b715-0d28e04d4e19/config.json	1728
user_config	users/1ee758ad-181e-4d85-96fa-d0f381af2b45/config.json	1728
user_config	users/25c454a9-8888-440e-bb87-f5e60ab5cd2f/config.json	1728
projects	users/25c454a9-8888-440e-bb87-f5e60ab5cd2f/projects/37268f91-c86a-4e65-8b20-b3e53fdc134a.json	314
video_studio	users/25c454a9-8888-440e-bb87-f5e60ab5cd2f/video_studio/57462f7a-8038-4145-a6bc-519f2a33b787.json	3570
user_config	users/28ab407f-9ed9-41f4-a019-066d504a4116/config.json	1728
user_config	users/2a1c0ab5-a176-49c7-8f5c-66ab48f40607/config.json	1728
user_config	users/3a9be4a1-0bf9-407f-86f2-d1d8ec9f84ab/config.json	1728
projects	users/3a9be4a1-0bf9-407f-86f2-d1d8ec9f84ab/projects/830168d1-2945-4532-b8df-4686749b9f92.json	318
video_studio	users/3a9be4a1-0bf9-407f-86f2-d1d8ec9f84ab/video_studio/6f2e3338-0cfb-490f-89bd-22b27828ccf5.json	3817
user_config	users/3b800c99-38ac-496b-99d3-338a80524c09/config.json	1728
user_config	users/3b97ca83-8381-41df-a452-37d9b97345e8/config.json	1728
user_config	users/3f03b08c-7f05-4840-a38a-ea78b4bc2f32/config.json	1728
user_config	users/407f8d60-e958-448a-9910-f58951f7ec18/config.json	1728
user_config	users/40af9707-d4d5-4a46-9f91-8a4d1dfdcb8c/config.json	1728
user_config	users/43054c86-9b3c-4c6c-9a56-bf4c32793539/config.json	1728
projects	users/43054c86-9b3c-4c6c-9a56-bf4c32793539/projects/e85d7f20-e1da-47d1-ae84-4222a1f5081b.json	314
studio	users/43054c86-9b3c-4c6c-9a56-bf4c32793539/studio/44cda361-718c-4e49-aa63-c363b7907e61.json	2380
user_config	users/48b40c9c-7422-46b4-a339-54160d5bf8ae/config.json	1728
user_config	users/4a80e550-0e57-46ab-bdaa-e3f451595d94/config.json	1728
user_config	users/4f742aac-4e40-4a23-9fe7-972cafd02b01/config.json	1728
studio	users/4f742aac-4e40-4a23-9fe7-972cafd02b01/studio/8d2ab9e0-d962-437b-ae52-c3670d117cef.json	2357
user_config	users/52d8000f-267a-43ba-8094-3f09e1429e65/config.json	1728
user_config	users/5dc38523-101d-4f9e-beb8-52839663bf8b/config.json	1728
studio	users/5dc38523-101d-4f9e-beb8-52839663bf8b/studio/2dcaa292-9575-4fda-9905-a20c05539fa2.json	2371
user_config	users/643da391-e8ea-43f2-9a56-f0ccce556c3b/config.json	1730
user_config	users/69f9b09c-4472-43f8-a9fa-8db0a20c34af/config.json	1728
projects	users/69f9b09c-4472-43f8-a9fa-8db0a20c34af/projects/e61b65c1-4f35-4e2d-bcb9-bfd431c977b5.json	318
video_studio	users/69f9b09c-4472-43f8-a9fa-8db0a20c34af/video_studio/76cf8f11-b227-4c1f-b9b8-f37e8ecfa13c.json	4483
user_config	users/7c8485c5-471e-4a25-89cf-5fff6f9bd644/config.json	1728
user_config	users/7d5501f1-5b72-413c-b507-79cc6c486f7b/config.json	1728
projects	users/7d5501f1-5b72-413c-b507-79cc6c486f7b/projects/5128ea5b-0be2-4679-8f5e-2768ac341ff5.json	319
video_studio	users/7d5501f1-5b72-413c-b507-79cc6c486f7b/video_studio/9de35f0d-85fc-4cd1-857a-e0a7d71d7f34.json	4068
video_studio	users/7d5501f1-5b72-413c-b507-79cc6c486f7b/video_studio/c7533d16-8ce7-4800-8e8f-e71963656fec.json	2159
user_config	users/93dad444-7cc6-4941-b053-c27d141ee8fb/config.json	1728
studio	users/93dad444-7cc6-4941-b053-c27d141ee8fb/studio/566b570a-9187-4abf-ba5d-5bdc32d73b1b.json	2357
user_config	users/9be5fed8-5206-407e-a022-050dcb83621a/config.json	1728
projects	users/9be5fed8-5206-407e-a022-050dcb83621a/projects/583a6ab7-78fd-4de9-b44e-7286a5ffe28a.json	350
studio	users/9be5fed8-5206-407e-a022-050dcb83621a/studio/274162d7-26a6-4e87-9a2f-27b258c7ce99.json	2184
studio	users/9be5fed8-5206-407e-a022-050dcb83621a/studio/f8fdd4f9-1e00-465e-ac13-9ebb80b0de0f.json	2185
user_config	users/9ece503b-2a13-4c7b-83d6-a14f15425945/config.json	1728
studio	users/9ece503b-2a13-4c7b-83d6-a14f15425945/studio/790f45fc-5c46-4cb0-b81a-84a5c2c7f6b5.json	2361
user_config	users/a042077a-b2ef-4490-9359-793ec4fb2c16/config.json	1728
user_config	users/a0f1d83e-6736-45ab-a625-a5ace775cc27/config.json	1728
user_config	users/a6bf41aa-d549-4196-94e3-930743caf16c/config.json	1728
user_config	users/a721957e-5353-43ef-b95a-f6072b8a8da5/config.json	1728
projects	users/a721957e-5353-43ef-b95a-f6072b8a8da5/projects/2ba5b1a1-176d-4334-a1ce-900845e60427.json	318
user_config	users/a81fee52-07fe-403c-a790-4f6e6ff0232a/config.json	1728
user_config	users/b8453911-5aab-4fc4-8fa4-672e5f078328/config.json	1728
projects	users/b8453911-5aab-4fc4-8fa4-672e5f078328/projects/0c005b5d-baf1-445a-a0c3-1509438dffca.json	323
studio	users/b8453911-5aab-4fc4-8fa4-672e5f078328/studio/46540a18-cd2e-49da-b0ca-bb23f3866bda.json	3045
user_config	users/bca06765-2252-4722-9f5a-05f0136987d1/config.json	1728
studio	users/bca06765-2252-4722-9f5a-05f0136987d1/studio/bb2c882f-ef5b-409a-92f1-d4384468a51d.json	2627
user_config	users/d41059b2-dc53-4e19-8ffe-1012e4816c97/config.json	1728
studio	users/d41059b2-dc53-4e19-8ffe-1012e4816c97/studio/125165cd-4f89-4632-9517-dfc3c38bc031.json	2359
user_config	users/d8522621-c199-4f3b-be96-0f82558d5743/config.json	1728
user_config	users/e91c7afc-4c30-4b9a-937d-6ac4c52a7d98/config.json	1728
user_config	users/e9aed9e1-4992-4015-8065-907257c9e944/config.json	1728
studio	users/e9aed9e1-4992-4015-8065-907257c9e944/studio/d77e79cf-59a8-4345-9475-ea125304cb7d.json	2361
user_config	users/ecfb7c9f-c488-411c-a87e-d539a0990118/config.json	1728
user_config	users/f4497a14-c7d5-4c1f-81b7-760c1b24b54a/config.json	1728
projects	users/f4497a14-c7d5-4c1f-81b7-760c1b24b54a/projects/50cd3bd2-25a8-4a4a-98a0-b54ca57f1f63.json	334
video_studio	users/f4497a14-c7d5-4c1f-81b7-760c1b24b54a/video_studio/72390ad2-8fac-459f-9ae2-7638da987917.json	2988
studio	users/f4497a14-c7d5-4c1f-81b7-760c1b24b54a/studio/f35f8fef-aaa1-4594-b5d6-b6fa92ca12bf.json	1774
user_config	users/f8f9b7e5-a835-4522-b463-c49028e948e9/config.json	1728
user_config	users/fa98ffa6-0684-4bfa-883e-f808b2f123d4/config.json	1728
user_config	users/fe0549f7-b8ce-47fa-b9bf-d5e124f78fb1/config.json	1730
